Job Title,Industry (Small Cluster)
Account Executive,Sales & Marketing
Account Manager,Leadership (General)
Accountant,Accounting & Audit
Actuarial Analyst,Finance & Investment
Analyst,Unclassified Jobs
Associate,Unclassified Jobs
Associate Consultant,Unclassified Jobs
Audit Associate,Accounting & Audit
Business Analyst,Unclassified Jobs
Business Development Representative,Unclassified Jobs
Case Manager,Social Service
Communications Coordinator,Management & Operations
Credit Analyst,Finance & Investment
Data Analyst,Software & Data
Design Engineer,Engineering
Financial Advisor,Finance & Investment
Financial Analyst,Finance & Investment
Financial Services Associate,Finance & Investment
Graduate Engineer,Engineering
Intern,Clinical Care
Inventory Analyst,Management & Operations
Investment Analyst,Finance & Investment
Investment Banking Analyst,Finance & Investment
Laboratory Technician,IT & Infrastructure
Leadership Development Program Associate,Leadership (General)
Legal Assistant,Research & Science
Manufacturing Engineer,Engineering
Marketing Associate,Sales & Marketing
Marketing Coordinator,Management & Operations
Marketing Specialist,Sales & Marketing
Mechanical Design Engineer,Engineering
Mechanical Engineer,Engineering
Medical Scribe,Clinical Care
Paralegal,Legal & Policy
Project Engineer,Engineering
Project Manager,Management & Operations
Recruiter,Unclassified Jobs
Sales Associate,Sales & Marketing
Sales Development Representative,Sales & Marketing
Sales Representative,Sales & Marketing
Scribe,Unclassified Jobs
Server,Unclassified Jobs
Software Developer,Software & Data
Software Engineer,Software & Data
Staff Accountant,Accounting & Audit
Tax Associate,Accounting & Audit
Teacher,Education
Technical Recruiter,Unclassified Jobs
Underwriter,Finance & Investment
Unknown,Unclassified Jobs
