Top 50 Job Titles,Count
Financial Analyst,31
Actuarial Analyst,22
Audit Associate,20
Software Engineer,18
Analyst,16
Associate,16
Mechanical Engineer,16
Project Engineer,14
Teacher,12
Tax Associate,12
Marketing Coordinator,12
Sales Development Representative,12
Associate Consultant,11
Sales Associate,11
Accountant,10
Account Manager,10
Marketing Specialist,10
Manufacturing Engineer,10
Design Engineer,10
Medical Scribe,9
Data Analyst,8
Project Manager,8
Inventory Analyst,8
Business Development Representative,8
Software Developer,7
Marketing Associate,7
Technical Recruiter,7
Investment Analyst,7
Investment Banking Analyst,7
Financial Advisor,7
Staff Accountant,7
Credit Analyst,6
Sales Representative,6
Paralegal,6
Business Analyst,6
Recruiter,6
Mechanical Design Engineer,6
Server,6
Laboratory Technician,5
Scribe,5
Communications Coordinator,5
Underwriter,5
Case Manager,5
Financial Services Associate,5
Intern,5
Leadership Development Program Associate,5
Graduate Engineer,5
Account Executive,5
Legal Assistant,5
Software Engineering Associate,5
